title,link
Wilhelm Röntgen,https://en.wikipedia.org/wiki/Wilhelm_R%C3%B6ntgen
Jacobus Henricus van 't Hoff,https://en.wikipedia.org/wiki/Jacobus_Henricus_van_%27t_Hoff
Emil Adolf von Behring,https://en.wikipedia.org/wiki/Emil_Adolf_von_Behring
Sully Prudhomme,https://en.wikipedia.org/wiki/Sully_Prudhomme
Henry Dunant,https://en.wikipedia.org/wiki/Henry_Dunant
Frédéric Passy,https://en.wikipedia.org/wiki/Fr%C3%A9d%C3%A9ric_Passy
Hendrik Lorentz,https://en.wikipedia.org/wiki/Hendrik_Lorentz
Pieter Zeeman,https://en.wikipedia.org/wiki/Pieter_Zeeman
Hermann Emil Fischer,https://en.wikipedia.org/wiki/Hermann_Emil_Fischer
Ronald Ross,https://en.wikipedia.org/wiki/Ronald_Ross
Theodor Mommsen,https://en.wikipedia.org/wiki/Theodor_Mommsen
Élie Ducommun,https://en.wikipedia.org/wiki/%C3%89lie_Ducommun
Charles Albert Gobat,https://en.wikipedia.org/wiki/Charles_Albert_Gobat
Henri Becquerel,https://en.wikipedia.org/wiki/Henri_Becquerel
Pierre Curie,https://en.wikipedia.org/wiki/Pierre_Curie
Marie Curie,https://en.wikipedia.org/wiki/Marie_Curie
Svante Arrhenius,https://en.wikipedia.org/wiki/Svante_Arrhenius
Niels Ryberg Finsen,https://en.wikipedia.org/wiki/Niels_Ryberg_Finsen
Bjørnstjerne Bjørnson,https://en.wikipedia.org/wiki/Bj%C3%B8rnstjerne_Bj%C3%B8rnson
Randal Cremer,https://en.wikipedia.org/wiki/Randal_Cremer
"John Strutt, 3rd Baron Rayleigh","https://en.wikipedia.org/wiki/John_Strutt,_3rd_Baron_Rayleigh"
William Ramsay,https://en.wikipedia.org/wiki/William_Ramsay
Ivan Pavlov,https://en.wikipedia.org/wiki/Ivan_Pavlov
Frédéric Mistral,https://en.wikipedia.org/wiki/Fr%C3%A9d%C3%A9ric_Mistral
José Echegaray,https://en.wikipedia.org/wiki/Jos%C3%A9_Echegaray
Institut de Droit International,https://en.wikipedia.org/wiki/Institut_de_Droit_International
Philipp Lenard,https://en.wikipedia.org/wiki/Philipp_Lenard
Adolf von Baeyer,https://en.wikipedia.org/wiki/Adolf_von_Baeyer
Robert Koch,https://en.wikipedia.org/wiki/Robert_Koch
Henryk Sienkiewicz,https://en.wikipedia.org/wiki/Henryk_Sienkiewicz
Bertha von Suttner,https://en.wikipedia.org/wiki/Bertha_von_Suttner
J. J. Thomson,https://en.wikipedia.org/wiki/J._J._Thomson
Henri Moissan,https://en.wikipedia.org/wiki/Henri_Moissan
Camillo Golgi,https://en.wikipedia.org/wiki/Camillo_Golgi
Santiago Ramón y Cajal,https://en.wikipedia.org/wiki/Santiago_Ram%C3%B3n_y_Cajal
Giosuè Carducci,https://en.wikipedia.org/wiki/Giosu%C3%A8_Carducci
Theodore Roosevelt,https://en.wikipedia.org/wiki/Theodore_Roosevelt
Albert Abraham Michelson,https://en.wikipedia.org/wiki/Albert_Abraham_Michelson
Eduard Buchner,https://en.wikipedia.org/wiki/Eduard_Buchner
Charles Louis Alphonse Laveran,https://en.wikipedia.org/wiki/Charles_Louis_Alphonse_Laveran
Rudyard Kipling,https://en.wikipedia.org/wiki/Rudyard_Kipling
Ernesto Teodoro Moneta,https://en.wikipedia.org/wiki/Ernesto_Teodoro_Moneta
Louis Renault (jurist),https://en.wikipedia.org/wiki/Louis_Renault_(jurist)
Gabriel Lippmann,https://en.wikipedia.org/wiki/Gabriel_Lippmann
Ernest Rutherford,https://en.wikipedia.org/wiki/Ernest_Rutherford
Élie Metchnikoff,https://en.wikipedia.org/wiki/%C3%89lie_Metchnikoff
Paul Ehrlich,https://en.wikipedia.org/wiki/Paul_Ehrlich
Rudolf Christoph Eucken,https://en.wikipedia.org/wiki/Rudolf_Christoph_Eucken
Klas Pontus Arnoldson,https://en.wikipedia.org/wiki/Klas_Pontus_Arnoldson
Fredrik Bajer,https://en.wikipedia.org/wiki/Fredrik_Bajer
Karl Ferdinand Braun,https://en.wikipedia.org/wiki/Karl_Ferdinand_Braun
Guglielmo Marconi,https://en.wikipedia.org/wiki/Guglielmo_Marconi
Wilhelm Ostwald,https://en.wikipedia.org/wiki/Wilhelm_Ostwald
Emil Theodor Kocher,https://en.wikipedia.org/wiki/Emil_Theodor_Kocher
Selma Lagerlöf,https://en.wikipedia.org/wiki/Selma_Lagerl%C3%B6f
Auguste Marie François Beernaert,https://en.wikipedia.org/wiki/Auguste_Marie_Fran%C3%A7ois_Beernaert
Paul-Henri-Benjamin d'Estournelles de Constant,https://en.wikipedia.org/wiki/Paul-Henri-Benjamin_d%27Estournelles_de_Constant
Johannes Diderik van der Waals,https://en.wikipedia.org/wiki/Johannes_Diderik_van_der_Waals
Otto Wallach,https://en.wikipedia.org/wiki/Otto_Wallach
Albrecht Kossel,https://en.wikipedia.org/wiki/Albrecht_Kossel
Paul Heyse,https://en.wikipedia.org/wiki/Paul_Heyse
International Peace Bureau,https://en.wikipedia.org/wiki/International_Peace_Bureau
Wilhelm Wien,https://en.wikipedia.org/wiki/Wilhelm_Wien
Marie Skłodowska-Curie,https://en.wikipedia.org/wiki/Marie_Sk%C5%82odowska-Curie
Allvar Gullstrand,https://en.wikipedia.org/wiki/Allvar_Gullstrand
Maurice Maeterlinck,https://en.wikipedia.org/wiki/Maurice_Maeterlinck
Tobias Asser,https://en.wikipedia.org/wiki/Tobias_Asser
Alfred Hermann Fried,https://en.wikipedia.org/wiki/Alfred_Hermann_Fried
Gustaf Dalén,https://en.wikipedia.org/wiki/Gustaf_Dal%C3%A9n
Victor Grignard,https://en.wikipedia.org/wiki/Victor_Grignard
Paul Sabatier (chemist),https://en.wikipedia.org/wiki/Paul_Sabatier_(chemist)
Alexis Carrel,https://en.wikipedia.org/wiki/Alexis_Carrel
Gerhart Hauptmann,https://en.wikipedia.org/wiki/Gerhart_Hauptmann
Elihu Root,https://en.wikipedia.org/wiki/Elihu_Root
Heike Kamerlingh Onnes,https://en.wikipedia.org/wiki/Heike_Kamerlingh_Onnes
Alfred Werner,https://en.wikipedia.org/wiki/Alfred_Werner
Charles Richet,https://en.wikipedia.org/wiki/Charles_Richet
Rabindranath Tagore,https://en.wikipedia.org/wiki/Rabindranath_Tagore
Henri La Fontaine,https://en.wikipedia.org/wiki/Henri_La_Fontaine
Max von Laue,https://en.wikipedia.org/wiki/Max_von_Laue
Theodore William Richards,https://en.wikipedia.org/wiki/Theodore_William_Richards
Robert Bárány,https://en.wikipedia.org/wiki/Robert_B%C3%A1r%C3%A1ny
William Henry Bragg,https://en.wikipedia.org/wiki/William_Henry_Bragg
William Lawrence Bragg,https://en.wikipedia.org/wiki/William_Lawrence_Bragg
Richard Willstätter,https://en.wikipedia.org/wiki/Richard_Willst%C3%A4tter
Romain Rolland,https://en.wikipedia.org/wiki/Romain_Rolland
Verner von Heidenstam,https://en.wikipedia.org/wiki/Verner_von_Heidenstam
Charles Glover Barkla,https://en.wikipedia.org/wiki/Charles_Glover_Barkla
Karl Adolph Gjellerup,https://en.wikipedia.org/wiki/Karl_Adolph_Gjellerup
Henrik Pontoppidan,https://en.wikipedia.org/wiki/Henrik_Pontoppidan
International Committee of the Red Cross,https://en.wikipedia.org/wiki/International_Committee_of_the_Red_Cross
Max Planck,https://en.wikipedia.org/wiki/Max_Planck
Fritz Haber,https://en.wikipedia.org/wiki/Fritz_Haber
Johannes Stark,https://en.wikipedia.org/wiki/Johannes_Stark
Jules Bordet,https://en.wikipedia.org/wiki/Jules_Bordet
Carl Spitteler,https://en.wikipedia.org/wiki/Carl_Spitteler
Woodrow Wilson,https://en.wikipedia.org/wiki/Woodrow_Wilson
Charles Édouard Guillaume,https://en.wikipedia.org/wiki/Charles_%C3%89douard_Guillaume
Walther Nernst,https://en.wikipedia.org/wiki/Walther_Nernst
August Krogh,https://en.wikipedia.org/wiki/August_Krogh
Knut Hamsun,https://en.wikipedia.org/wiki/Knut_Hamsun
Léon Bourgeois,https://en.wikipedia.org/wiki/L%C3%A9on_Bourgeois
Albert Einstein,https://en.wikipedia.org/wiki/Albert_Einstein
Frederick Soddy,https://en.wikipedia.org/wiki/Frederick_Soddy
Anatole France,https://en.wikipedia.org/wiki/Anatole_France
Hjalmar Branting,https://en.wikipedia.org/wiki/Hjalmar_Branting
Christian Lous Lange,https://en.wikipedia.org/wiki/Christian_Lous_Lange
Niels Bohr,https://en.wikipedia.org/wiki/Niels_Bohr
Francis William Aston,https://en.wikipedia.org/wiki/Francis_William_Aston
Archibald Hill,https://en.wikipedia.org/wiki/Archibald_Hill
Otto Fritz Meyerhof,https://en.wikipedia.org/wiki/Otto_Fritz_Meyerhof
Jacinto Benavente,https://en.wikipedia.org/wiki/Jacinto_Benavente
Fridtjof Nansen,https://en.wikipedia.org/wiki/Fridtjof_Nansen
Robert Andrews Millikan,https://en.wikipedia.org/wiki/Robert_Andrews_Millikan
Fritz Pregl,https://en.wikipedia.org/wiki/Fritz_Pregl
Frederick Banting,https://en.wikipedia.org/wiki/Frederick_Banting
John James Rickard Macleod,https://en.wikipedia.org/wiki/John_James_Rickard_Macleod
W. B. Yeats,https://en.wikipedia.org/wiki/W._B._Yeats
Manne Siegbahn,https://en.wikipedia.org/wiki/Manne_Siegbahn
Willem Einthoven,https://en.wikipedia.org/wiki/Willem_Einthoven
Władysław Reymont,https://en.wikipedia.org/wiki/W%C5%82adys%C5%82aw_Reymont
James Franck,https://en.wikipedia.org/wiki/James_Franck
Gustav Ludwig Hertz,https://en.wikipedia.org/wiki/Gustav_Ludwig_Hertz
Richard Adolf Zsigmondy,https://en.wikipedia.org/wiki/Richard_Adolf_Zsigmondy
George Bernard Shaw,https://en.wikipedia.org/wiki/George_Bernard_Shaw
Austen Chamberlain,https://en.wikipedia.org/wiki/Austen_Chamberlain
Charles G. Dawes,https://en.wikipedia.org/wiki/Charles_G._Dawes
Jean Baptiste Perrin,https://en.wikipedia.org/wiki/Jean_Baptiste_Perrin
Theodor Svedberg,https://en.wikipedia.org/wiki/Theodor_Svedberg
Johannes Fibiger,https://en.wikipedia.org/wiki/Johannes_Fibiger
Grazia Deledda,https://en.wikipedia.org/wiki/Grazia_Deledda
Aristide Briand,https://en.wikipedia.org/wiki/Aristide_Briand
Gustav Stresemann,https://en.wikipedia.org/wiki/Gustav_Stresemann
Arthur Compton,https://en.wikipedia.org/wiki/Arthur_Compton
Charles Thomson Rees Wilson,https://en.wikipedia.org/wiki/Charles_Thomson_Rees_Wilson
Heinrich Otto Wieland,https://en.wikipedia.org/wiki/Heinrich_Otto_Wieland
Julius Wagner-Jauregg,https://en.wikipedia.org/wiki/Julius_Wagner-Jauregg
Henri Bergson,https://en.wikipedia.org/wiki/Henri_Bergson
Ferdinand Buisson,https://en.wikipedia.org/wiki/Ferdinand_Buisson
Ludwig Quidde,https://en.wikipedia.org/wiki/Ludwig_Quidde
Owen Willans Richardson,https://en.wikipedia.org/wiki/Owen_Willans_Richardson
Adolf Otto Reinhold Windaus,https://en.wikipedia.org/wiki/Adolf_Otto_Reinhold_Windaus
Charles Nicolle,https://en.wikipedia.org/wiki/Charles_Nicolle
Sigrid Undset,https://en.wikipedia.org/wiki/Sigrid_Undset
Louis de Broglie,https://en.wikipedia.org/wiki/Louis_de_Broglie
Arthur Harden,https://en.wikipedia.org/wiki/Arthur_Harden
Hans von Euler-Chelpin,https://en.wikipedia.org/wiki/Hans_von_Euler-Chelpin
Christiaan Eijkman,https://en.wikipedia.org/wiki/Christiaan_Eijkman
Frederick Gowland Hopkins,https://en.wikipedia.org/wiki/Frederick_Gowland_Hopkins
Thomas Mann,https://en.wikipedia.org/wiki/Thomas_Mann
Frank B. Kellogg,https://en.wikipedia.org/wiki/Frank_B._Kellogg
C. V. Raman,https://en.wikipedia.org/wiki/C._V._Raman
Hans Fischer,https://en.wikipedia.org/wiki/Hans_Fischer
Karl Landsteiner,https://en.wikipedia.org/wiki/Karl_Landsteiner
Sinclair Lewis,https://en.wikipedia.org/wiki/Sinclair_Lewis
Nathan Söderblom,https://en.wikipedia.org/wiki/Nathan_S%C3%B6derblom
Carl Bosch,https://en.wikipedia.org/wiki/Carl_Bosch
Friedrich Bergius,https://en.wikipedia.org/wiki/Friedrich_Bergius
Otto Heinrich Warburg,https://en.wikipedia.org/wiki/Otto_Heinrich_Warburg
Erik Axel Karlfeldt,https://en.wikipedia.org/wiki/Erik_Axel_Karlfeldt
Jane Addams,https://en.wikipedia.org/wiki/Jane_Addams
Nicholas Murray Butler,https://en.wikipedia.org/wiki/Nicholas_Murray_Butler
Werner Heisenberg,https://en.wikipedia.org/wiki/Werner_Heisenberg
Irving Langmuir,https://en.wikipedia.org/wiki/Irving_Langmuir
Charles Scott Sherrington,https://en.wikipedia.org/wiki/Charles_Scott_Sherrington
"Edgar Adrian, 1st Baron Adrian","https://en.wikipedia.org/wiki/Edgar_Adrian,_1st_Baron_Adrian"
John Galsworthy,https://en.wikipedia.org/wiki/John_Galsworthy
Erwin Schrödinger,https://en.wikipedia.org/wiki/Erwin_Schr%C3%B6dinger
Paul Dirac,https://en.wikipedia.org/wiki/Paul_Dirac
Thomas Hunt Morgan,https://en.wikipedia.org/wiki/Thomas_Hunt_Morgan
Ivan Bunin,https://en.wikipedia.org/wiki/Ivan_Bunin
Norman Angell,https://en.wikipedia.org/wiki/Norman_Angell
Harold Urey,https://en.wikipedia.org/wiki/Harold_Urey
George Whipple,https://en.wikipedia.org/wiki/George_Whipple
George Minot,https://en.wikipedia.org/wiki/George_Minot
William P. Murphy,https://en.wikipedia.org/wiki/William_P._Murphy
Luigi Pirandello,https://en.wikipedia.org/wiki/Luigi_Pirandello
Arthur Henderson,https://en.wikipedia.org/wiki/Arthur_Henderson
James Chadwick,https://en.wikipedia.org/wiki/James_Chadwick
Frédéric Joliot-Curie,https://en.wikipedia.org/wiki/Fr%C3%A9d%C3%A9ric_Joliot-Curie
Irène Joliot-Curie,https://en.wikipedia.org/wiki/Ir%C3%A8ne_Joliot-Curie
Hans Spemann,https://en.wikipedia.org/wiki/Hans_Spemann
Carl von Ossietzky,https://en.wikipedia.org/wiki/Carl_von_Ossietzky
Victor Francis Hess,https://en.wikipedia.org/wiki/Victor_Francis_Hess
Carl David Anderson,https://en.wikipedia.org/wiki/Carl_David_Anderson
Peter Debye,https://en.wikipedia.org/wiki/Peter_Debye
Henry Hallett Dale,https://en.wikipedia.org/wiki/Henry_Hallett_Dale
Otto Loewi,https://en.wikipedia.org/wiki/Otto_Loewi
Eugene O'Neill,https://en.wikipedia.org/wiki/Eugene_O%27Neill
Carlos Saavedra Lamas,https://en.wikipedia.org/wiki/Carlos_Saavedra_Lamas
Clinton Davisson,https://en.wikipedia.org/wiki/Clinton_Davisson
George Paget Thomson,https://en.wikipedia.org/wiki/George_Paget_Thomson
Norman Haworth,https://en.wikipedia.org/wiki/Norman_Haworth
Paul Karrer,https://en.wikipedia.org/wiki/Paul_Karrer
Albert Szent-Györgyi,https://en.wikipedia.org/wiki/Albert_Szent-Gy%C3%B6rgyi
Roger Martin du Gard,https://en.wikipedia.org/wiki/Roger_Martin_du_Gard
"Robert Cecil, 1st Viscount Cecil of Chelwood","https://en.wikipedia.org/wiki/Robert_Cecil,_1st_Viscount_Cecil_of_Chelwood"
Enrico Fermi,https://en.wikipedia.org/wiki/Enrico_Fermi
Richard Kuhn,https://en.wikipedia.org/wiki/Richard_Kuhn
Corneille Heymans,https://en.wikipedia.org/wiki/Corneille_Heymans
Pearl S. Buck,https://en.wikipedia.org/wiki/Pearl_S._Buck
Office international Nansen pour les réfugiés,https://en.wikipedia.org/wiki/Office_international_Nansen_pour_les_r%C3%A9fugi%C3%A9s
Ernest Lawrence,https://en.wikipedia.org/wiki/Ernest_Lawrence
Adolf Butenandt,https://en.wikipedia.org/wiki/Adolf_Butenandt
Leopold Ružička,https://en.wikipedia.org/wiki/Leopold_Ru%C5%BEi%C4%8Dka
Gerhard Domagk,https://en.wikipedia.org/wiki/Gerhard_Domagk
Frans Eemil Sillanpää,https://en.wikipedia.org/wiki/Frans_Eemil_Sillanp%C3%A4%C3%A4
Otto Stern,https://en.wikipedia.org/wiki/Otto_Stern
George de Hevesy,https://en.wikipedia.org/wiki/George_de_Hevesy
Henrik Dam,https://en.wikipedia.org/wiki/Henrik_Dam
Edward Adelbert Doisy,https://en.wikipedia.org/wiki/Edward_Adelbert_Doisy
Isidor Isaac Rabi,https://en.wikipedia.org/wiki/Isidor_Isaac_Rabi
Otto Hahn,https://en.wikipedia.org/wiki/Otto_Hahn
Joseph Erlanger,https://en.wikipedia.org/wiki/Joseph_Erlanger
Herbert Spencer Gasser,https://en.wikipedia.org/wiki/Herbert_Spencer_Gasser
Johannes Vilhelm Jensen,https://en.wikipedia.org/wiki/Johannes_Vilhelm_Jensen
Wolfgang Pauli,https://en.wikipedia.org/wiki/Wolfgang_Pauli
Artturi Ilmari Virtanen,https://en.wikipedia.org/wiki/Artturi_Ilmari_Virtanen
Alexander Fleming,https://en.wikipedia.org/wiki/Alexander_Fleming
Ernst Boris Chain,https://en.wikipedia.org/wiki/Ernst_Boris_Chain
Howard Florey,https://en.wikipedia.org/wiki/Howard_Florey
Gabriela Mistral,https://en.wikipedia.org/wiki/Gabriela_Mistral
Cordell Hull,https://en.wikipedia.org/wiki/Cordell_Hull
Percy Williams Bridgman,https://en.wikipedia.org/wiki/Percy_Williams_Bridgman
James B. Sumner,https://en.wikipedia.org/wiki/James_B._Sumner
John Howard Northrop,https://en.wikipedia.org/wiki/John_Howard_Northrop
Wendell Meredith Stanley,https://en.wikipedia.org/wiki/Wendell_Meredith_Stanley
Hermann Joseph Muller,https://en.wikipedia.org/wiki/Hermann_Joseph_Muller
Hermann Hesse,https://en.wikipedia.org/wiki/Hermann_Hesse
Emily Greene Balch,https://en.wikipedia.org/wiki/Emily_Greene_Balch
John Mott,https://en.wikipedia.org/wiki/John_Mott
Edward Victor Appleton,https://en.wikipedia.org/wiki/Edward_Victor_Appleton
Robert Robinson (organic chemist),https://en.wikipedia.org/wiki/Robert_Robinson_(organic_chemist)
Carl Ferdinand Cori,https://en.wikipedia.org/wiki/Carl_Ferdinand_Cori
Gerty Cori,https://en.wikipedia.org/wiki/Gerty_Cori
Bernardo Houssay,https://en.wikipedia.org/wiki/Bernardo_Houssay
André Gide,https://en.wikipedia.org/wiki/Andr%C3%A9_Gide
American Friends Service Committee,https://en.wikipedia.org/wiki/American_Friends_Service_Committee
"Patrick Blackett, Baron Blackett","https://en.wikipedia.org/wiki/Patrick_Blackett,_Baron_Blackett"
Arne Tiselius,https://en.wikipedia.org/wiki/Arne_Tiselius
Paul Hermann Müller,https://en.wikipedia.org/wiki/Paul_Hermann_M%C3%BCller
T. S. Eliot,https://en.wikipedia.org/wiki/T._S._Eliot
Hideki Yukawa,https://en.wikipedia.org/wiki/Hideki_Yukawa
William Giauque,https://en.wikipedia.org/wiki/William_Giauque
Walter Rudolf Hess,https://en.wikipedia.org/wiki/Walter_Rudolf_Hess
António Egas Moniz,https://en.wikipedia.org/wiki/Ant%C3%B3nio_Egas_Moniz
William Faulkner,https://en.wikipedia.org/wiki/William_Faulkner
"John Boyd Orr, 1st Baron Boyd-Orr","https://en.wikipedia.org/wiki/John_Boyd_Orr,_1st_Baron_Boyd-Orr"
C. F. Powell,https://en.wikipedia.org/wiki/C._F._Powell
Otto Diels,https://en.wikipedia.org/wiki/Otto_Diels
Kurt Alder,https://en.wikipedia.org/wiki/Kurt_Alder
Philip Showalter Hench,https://en.wikipedia.org/wiki/Philip_Showalter_Hench
Edward Calvin Kendall,https://en.wikipedia.org/wiki/Edward_Calvin_Kendall
Tadeus Reichstein,https://en.wikipedia.org/wiki/Tadeus_Reichstein
Bertrand Russell,https://en.wikipedia.org/wiki/Bertrand_Russell
Ralph Bunche,https://en.wikipedia.org/wiki/Ralph_Bunche
John Cockcroft,https://en.wikipedia.org/wiki/John_Cockcroft
Ernest Walton,https://en.wikipedia.org/wiki/Ernest_Walton
Edwin McMillan,https://en.wikipedia.org/wiki/Edwin_McMillan
Glenn T. Seaborg,https://en.wikipedia.org/wiki/Glenn_T._Seaborg
Max Theiler,https://en.wikipedia.org/wiki/Max_Theiler
Pär Lagerkvist,https://en.wikipedia.org/wiki/P%C3%A4r_Lagerkvist
Léon Jouhaux,https://en.wikipedia.org/wiki/L%C3%A9on_Jouhaux
Felix Bloch,https://en.wikipedia.org/wiki/Felix_Bloch
Edward Mills Purcell,https://en.wikipedia.org/wiki/Edward_Mills_Purcell
Archer John Porter Martin,https://en.wikipedia.org/wiki/Archer_John_Porter_Martin
Richard Laurence Millington Synge,https://en.wikipedia.org/wiki/Richard_Laurence_Millington_Synge
Selman Waksman,https://en.wikipedia.org/wiki/Selman_Waksman
François Mauriac,https://en.wikipedia.org/wiki/Fran%C3%A7ois_Mauriac
Albert Schweitzer,https://en.wikipedia.org/wiki/Albert_Schweitzer
Frits Zernike,https://en.wikipedia.org/wiki/Frits_Zernike
Hermann Staudinger,https://en.wikipedia.org/wiki/Hermann_Staudinger
Hans Adolf Krebs,https://en.wikipedia.org/wiki/Hans_Adolf_Krebs
Fritz Albert Lipmann,https://en.wikipedia.org/wiki/Fritz_Albert_Lipmann
Winston Churchill,https://en.wikipedia.org/wiki/Winston_Churchill
George Marshall,https://en.wikipedia.org/wiki/George_Marshall
Max Born,https://en.wikipedia.org/wiki/Max_Born
Walther Bothe,https://en.wikipedia.org/wiki/Walther_Bothe
Linus Pauling,https://en.wikipedia.org/wiki/Linus_Pauling
John Franklin Enders,https://en.wikipedia.org/wiki/John_Franklin_Enders
Frederick Chapman Robbins,https://en.wikipedia.org/wiki/Frederick_Chapman_Robbins
Thomas Huckle Weller,https://en.wikipedia.org/wiki/Thomas_Huckle_Weller
Ernest Hemingway,https://en.wikipedia.org/wiki/Ernest_Hemingway
United Nations High Commissioner for Refugees,https://en.wikipedia.org/wiki/United_Nations_High_Commissioner_for_Refugees
Willis Lamb,https://en.wikipedia.org/wiki/Willis_Lamb
Polykarp Kusch,https://en.wikipedia.org/wiki/Polykarp_Kusch
Vincent du Vigneaud,https://en.wikipedia.org/wiki/Vincent_du_Vigneaud
Hugo Theorell,https://en.wikipedia.org/wiki/Hugo_Theorell
Halldór Laxness,https://en.wikipedia.org/wiki/Halld%C3%B3r_Laxness
John Bardeen,https://en.wikipedia.org/wiki/John_Bardeen
Walter Houser Brattain,https://en.wikipedia.org/wiki/Walter_Houser_Brattain
William Shockley,https://en.wikipedia.org/wiki/William_Shockley
Cyril Norman Hinshelwood,https://en.wikipedia.org/wiki/Cyril_Norman_Hinshelwood
Nikolay Semyonov,https://en.wikipedia.org/wiki/Nikolay_Semyonov
André Frédéric Cournand,https://en.wikipedia.org/wiki/Andr%C3%A9_Fr%C3%A9d%C3%A9ric_Cournand
Werner Forssmann,https://en.wikipedia.org/wiki/Werner_Forssmann
Dickinson W. Richards,https://en.wikipedia.org/wiki/Dickinson_W._Richards
Juan Ramón Jiménez,https://en.wikipedia.org/wiki/Juan_Ram%C3%B3n_Jim%C3%A9nez
Chen Ning Yang,https://en.wikipedia.org/wiki/Chen_Ning_Yang
Tsung-Dao Lee,https://en.wikipedia.org/wiki/Tsung-Dao_Lee
"Alexander R. Todd, Baron Todd","https://en.wikipedia.org/wiki/Alexander_R._Todd,_Baron_Todd"
Daniel Bovet,https://en.wikipedia.org/wiki/Daniel_Bovet
Albert Camus,https://en.wikipedia.org/wiki/Albert_Camus
Lester B. Pearson,https://en.wikipedia.org/wiki/Lester_B._Pearson
Pavel Cherenkov,https://en.wikipedia.org/wiki/Pavel_Cherenkov
Ilya Frank,https://en.wikipedia.org/wiki/Ilya_Frank
Igor Tamm,https://en.wikipedia.org/wiki/Igor_Tamm
Frederick Sanger,https://en.wikipedia.org/wiki/Frederick_Sanger
George Wells Beadle,https://en.wikipedia.org/wiki/George_Wells_Beadle
Edward Lawrie Tatum,https://en.wikipedia.org/wiki/Edward_Lawrie_Tatum
Joshua Lederberg,https://en.wikipedia.org/wiki/Joshua_Lederberg
Boris Pasternak,https://en.wikipedia.org/wiki/Boris_Pasternak
Dominique Pire,https://en.wikipedia.org/wiki/Dominique_Pire
Emilio G. Segrè,https://en.wikipedia.org/wiki/Emilio_G._Segr%C3%A8
Owen Chamberlain,https://en.wikipedia.org/wiki/Owen_Chamberlain
Jaroslav Heyrovský,https://en.wikipedia.org/wiki/Jaroslav_Heyrovsk%C3%BD
Arthur Kornberg,https://en.wikipedia.org/wiki/Arthur_Kornberg
Severo Ochoa,https://en.wikipedia.org/wiki/Severo_Ochoa
Salvatore Quasimodo,https://en.wikipedia.org/wiki/Salvatore_Quasimodo
"Philip Noel-Baker, Baron Noel-Baker","https://en.wikipedia.org/wiki/Philip_Noel-Baker,_Baron_Noel-Baker"
Donald A. Glaser,https://en.wikipedia.org/wiki/Donald_A._Glaser
Willard Libby,https://en.wikipedia.org/wiki/Willard_Libby
Frank Macfarlane Burnet,https://en.wikipedia.org/wiki/Frank_Macfarlane_Burnet
Peter Medawar,https://en.wikipedia.org/wiki/Peter_Medawar
Saint-John Perse,https://en.wikipedia.org/wiki/Saint-John_Perse
Albert Lutuli,https://en.wikipedia.org/wiki/Albert_Lutuli
Robert Hofstadter,https://en.wikipedia.org/wiki/Robert_Hofstadter
Rudolf Mössbauer,https://en.wikipedia.org/wiki/Rudolf_M%C3%B6ssbauer
Melvin Calvin,https://en.wikipedia.org/wiki/Melvin_Calvin
Georg von Békésy,https://en.wikipedia.org/wiki/Georg_von_B%C3%A9k%C3%A9sy
Ivo Andrić,https://en.wikipedia.org/wiki/Ivo_Andri%C4%87
Dag Hammarskjöld,https://en.wikipedia.org/wiki/Dag_Hammarskj%C3%B6ld
Lev Landau,https://en.wikipedia.org/wiki/Lev_Landau
Max Perutz,https://en.wikipedia.org/wiki/Max_Perutz
John Kendrew,https://en.wikipedia.org/wiki/John_Kendrew
Francis Crick,https://en.wikipedia.org/wiki/Francis_Crick
James D. Watson,https://en.wikipedia.org/wiki/James_D._Watson
Maurice Wilkins,https://en.wikipedia.org/wiki/Maurice_Wilkins
John Steinbeck,https://en.wikipedia.org/wiki/John_Steinbeck
Eugene Wigner,https://en.wikipedia.org/wiki/Eugene_Wigner
Maria Goeppert-Mayer,https://en.wikipedia.org/wiki/Maria_Goeppert-Mayer
J. Hans D. Jensen,https://en.wikipedia.org/wiki/J._Hans_D._Jensen
Karl Ziegler,https://en.wikipedia.org/wiki/Karl_Ziegler
Giulio Natta,https://en.wikipedia.org/wiki/Giulio_Natta
John Eccles (neurophysiologist),https://en.wikipedia.org/wiki/John_Eccles_(neurophysiologist)
Alan Lloyd Hodgkin,https://en.wikipedia.org/wiki/Alan_Lloyd_Hodgkin
Andrew Huxley,https://en.wikipedia.org/wiki/Andrew_Huxley
Giorgos Seferis,https://en.wikipedia.org/wiki/Giorgos_Seferis
International Federation of Red Cross and Red Crescent Societies,https://en.wikipedia.org/wiki/International_Federation_of_Red_Cross_and_Red_Crescent_Societies
Charles Hard Townes,https://en.wikipedia.org/wiki/Charles_Hard_Townes
Nikolay Basov,https://en.wikipedia.org/wiki/Nikolay_Basov
Alexander Prokhorov,https://en.wikipedia.org/wiki/Alexander_Prokhorov
Dorothy Hodgkin,https://en.wikipedia.org/wiki/Dorothy_Hodgkin
Konrad Emil Bloch,https://en.wikipedia.org/wiki/Konrad_Emil_Bloch
Feodor Felix Konrad Lynen,https://en.wikipedia.org/wiki/Feodor_Felix_Konrad_Lynen
Jean-Paul Sartre,https://en.wikipedia.org/wiki/Jean-Paul_Sartre
"Martin Luther King, Jr.","https://en.wikipedia.org/wiki/Martin_Luther_King,_Jr."
Sin-Itiro Tomonaga,https://en.wikipedia.org/wiki/Sin-Itiro_Tomonaga
Julian Schwinger,https://en.wikipedia.org/wiki/Julian_Schwinger
Richard Feynman,https://en.wikipedia.org/wiki/Richard_Feynman
Robert Burns Woodward,https://en.wikipedia.org/wiki/Robert_Burns_Woodward
François Jacob,https://en.wikipedia.org/wiki/Fran%C3%A7ois_Jacob
André Michel Lwoff,https://en.wikipedia.org/wiki/Andr%C3%A9_Michel_Lwoff
Jacques Monod,https://en.wikipedia.org/wiki/Jacques_Monod
Mikhail Sholokhov,https://en.wikipedia.org/wiki/Mikhail_Sholokhov
UNICEF,https://en.wikipedia.org/wiki/UNICEF
Alfred Kastler,https://en.wikipedia.org/wiki/Alfred_Kastler
Robert S. Mulliken,https://en.wikipedia.org/wiki/Robert_S._Mulliken
Francis Peyton Rous,https://en.wikipedia.org/wiki/Francis_Peyton_Rous
Charles Brenton Huggins,https://en.wikipedia.org/wiki/Charles_Brenton_Huggins
Shmuel Yosef Agnon,https://en.wikipedia.org/wiki/Shmuel_Yosef_Agnon
Nelly Sachs,https://en.wikipedia.org/wiki/Nelly_Sachs
Hans Bethe,https://en.wikipedia.org/wiki/Hans_Bethe
Manfred Eigen,https://en.wikipedia.org/wiki/Manfred_Eigen
Ronald George Wreyford Norrish,https://en.wikipedia.org/wiki/Ronald_George_Wreyford_Norrish
George Porter,https://en.wikipedia.org/wiki/George_Porter
Ragnar Granit,https://en.wikipedia.org/wiki/Ragnar_Granit
Haldan Keffer Hartline,https://en.wikipedia.org/wiki/Haldan_Keffer_Hartline
George Wald,https://en.wikipedia.org/wiki/George_Wald
Miguel Ángel Asturias,https://en.wikipedia.org/wiki/Miguel_%C3%81ngel_Asturias
Luis Walter Alvarez,https://en.wikipedia.org/wiki/Luis_Walter_Alvarez
Lars Onsager,https://en.wikipedia.org/wiki/Lars_Onsager
Robert W. Holley,https://en.wikipedia.org/wiki/Robert_W._Holley
Har Gobind Khorana,https://en.wikipedia.org/wiki/Har_Gobind_Khorana
Marshall Warren Nirenberg,https://en.wikipedia.org/wiki/Marshall_Warren_Nirenberg
Yasunari Kawabata,https://en.wikipedia.org/wiki/Yasunari_Kawabata
René Cassin,https://en.wikipedia.org/wiki/Ren%C3%A9_Cassin
Murray Gell-Mann,https://en.wikipedia.org/wiki/Murray_Gell-Mann
Derek Barton,https://en.wikipedia.org/wiki/Derek_Barton
Odd Hassel,https://en.wikipedia.org/wiki/Odd_Hassel
Max Delbrück,https://en.wikipedia.org/wiki/Max_Delbr%C3%BCck
Alfred Hershey,https://en.wikipedia.org/wiki/Alfred_Hershey
Salvador Luria,https://en.wikipedia.org/wiki/Salvador_Luria
Samuel Beckett,https://en.wikipedia.org/wiki/Samuel_Beckett
International Labour Organization,https://en.wikipedia.org/wiki/International_Labour_Organization
Ragnar Frisch,https://en.wikipedia.org/wiki/Ragnar_Frisch
Jan Tinbergen,https://en.wikipedia.org/wiki/Jan_Tinbergen
Hannes Alfvén,https://en.wikipedia.org/wiki/Hannes_Alfv%C3%A9n
Louis Néel,https://en.wikipedia.org/wiki/Louis_N%C3%A9el
Luis Federico Leloir,https://en.wikipedia.org/wiki/Luis_Federico_Leloir
Julius Axelrod,https://en.wikipedia.org/wiki/Julius_Axelrod
Ulf von Euler,https://en.wikipedia.org/wiki/Ulf_von_Euler
Bernard Katz,https://en.wikipedia.org/wiki/Bernard_Katz
Aleksandr Solzhenitsyn,https://en.wikipedia.org/wiki/Aleksandr_Solzhenitsyn
Norman Borlaug,https://en.wikipedia.org/wiki/Norman_Borlaug
Paul Samuelson,https://en.wikipedia.org/wiki/Paul_Samuelson
Dennis Gabor,https://en.wikipedia.org/wiki/Dennis_Gabor
Gerhard Herzberg,https://en.wikipedia.org/wiki/Gerhard_Herzberg
"Earl Wilbur Sutherland, Jr.","https://en.wikipedia.org/wiki/Earl_Wilbur_Sutherland,_Jr."
Pablo Neruda,https://en.wikipedia.org/wiki/Pablo_Neruda
Willy Brandt,https://en.wikipedia.org/wiki/Willy_Brandt
Simon Kuznets,https://en.wikipedia.org/wiki/Simon_Kuznets
Leon Cooper,https://en.wikipedia.org/wiki/Leon_Cooper
John Robert Schrieffer,https://en.wikipedia.org/wiki/John_Robert_Schrieffer
Christian B. Anfinsen,https://en.wikipedia.org/wiki/Christian_B._Anfinsen
Stanford Moore,https://en.wikipedia.org/wiki/Stanford_Moore
William Howard Stein,https://en.wikipedia.org/wiki/William_Howard_Stein
Gerald Edelman,https://en.wikipedia.org/wiki/Gerald_Edelman
Rodney Robert Porter,https://en.wikipedia.org/wiki/Rodney_Robert_Porter
Heinrich Böll,https://en.wikipedia.org/wiki/Heinrich_B%C3%B6ll
John Hicks,https://en.wikipedia.org/wiki/John_Hicks
Kenneth Arrow,https://en.wikipedia.org/wiki/Kenneth_Arrow
Leo Esaki,https://en.wikipedia.org/wiki/Leo_Esaki
Ivar Giaever,https://en.wikipedia.org/wiki/Ivar_Giaever
Brian David Josephson,https://en.wikipedia.org/wiki/Brian_David_Josephson
Ernst Otto Fischer,https://en.wikipedia.org/wiki/Ernst_Otto_Fischer
Geoffrey Wilkinson,https://en.wikipedia.org/wiki/Geoffrey_Wilkinson
Karl von Frisch,https://en.wikipedia.org/wiki/Karl_von_Frisch
Konrad Lorenz,https://en.wikipedia.org/wiki/Konrad_Lorenz
Nikolaas Tinbergen,https://en.wikipedia.org/wiki/Nikolaas_Tinbergen
Patrick White,https://en.wikipedia.org/wiki/Patrick_White
Henry Kissinger,https://en.wikipedia.org/wiki/Henry_Kissinger
Le Duc Tho,https://en.wikipedia.org/wiki/Le_Duc_Tho
Wassily Leontief,https://en.wikipedia.org/wiki/Wassily_Leontief
Martin Ryle,https://en.wikipedia.org/wiki/Martin_Ryle
Antony Hewish,https://en.wikipedia.org/wiki/Antony_Hewish
Paul Flory,https://en.wikipedia.org/wiki/Paul_Flory
Albert Claude,https://en.wikipedia.org/wiki/Albert_Claude
Christian de Duve,https://en.wikipedia.org/wiki/Christian_de_Duve
George Emil Palade,https://en.wikipedia.org/wiki/George_Emil_Palade
Eyvind Johnson,https://en.wikipedia.org/wiki/Eyvind_Johnson
Harry Martinson,https://en.wikipedia.org/wiki/Harry_Martinson
Seán MacBride,https://en.wikipedia.org/wiki/Se%C3%A1n_MacBride
Eisaku Satō,https://en.wikipedia.org/wiki/Eisaku_Sat%C5%8D
Gunnar Myrdal,https://en.wikipedia.org/wiki/Gunnar_Myrdal
Friedrich Hayek,https://en.wikipedia.org/wiki/Friedrich_Hayek
Aage Bohr,https://en.wikipedia.org/wiki/Aage_Bohr
Ben Roy Mottelson,https://en.wikipedia.org/wiki/Ben_Roy_Mottelson
James Rainwater,https://en.wikipedia.org/wiki/James_Rainwater
John Cornforth,https://en.wikipedia.org/wiki/John_Cornforth
Vladimir Prelog,https://en.wikipedia.org/wiki/Vladimir_Prelog
David Baltimore,https://en.wikipedia.org/wiki/David_Baltimore
Renato Dulbecco,https://en.wikipedia.org/wiki/Renato_Dulbecco
Howard Martin Temin,https://en.wikipedia.org/wiki/Howard_Martin_Temin
Eugenio Montale,https://en.wikipedia.org/wiki/Eugenio_Montale
Andrei Sakharov,https://en.wikipedia.org/wiki/Andrei_Sakharov
Leonid Kantorovich,https://en.wikipedia.org/wiki/Leonid_Kantorovich
Tjalling Koopmans,https://en.wikipedia.org/wiki/Tjalling_Koopmans
Burton Richter,https://en.wikipedia.org/wiki/Burton_Richter
Samuel C. C. Ting,https://en.wikipedia.org/wiki/Samuel_C._C._Ting
William Lipscomb,https://en.wikipedia.org/wiki/William_Lipscomb
Baruch Samuel Blumberg,https://en.wikipedia.org/wiki/Baruch_Samuel_Blumberg
Daniel Carleton Gajdusek,https://en.wikipedia.org/wiki/Daniel_Carleton_Gajdusek
Saul Bellow,https://en.wikipedia.org/wiki/Saul_Bellow
Betty Williams (Nobel laureate),https://en.wikipedia.org/wiki/Betty_Williams_(Nobel_laureate)
Mairead Maguire,https://en.wikipedia.org/wiki/Mairead_Maguire
Milton Friedman,https://en.wikipedia.org/wiki/Milton_Friedman
Philip Warren Anderson,https://en.wikipedia.org/wiki/Philip_Warren_Anderson
Nevill Francis Mott,https://en.wikipedia.org/wiki/Nevill_Francis_Mott
John Hasbrouck Van Vleck,https://en.wikipedia.org/wiki/John_Hasbrouck_Van_Vleck
Ilya Prigogine,https://en.wikipedia.org/wiki/Ilya_Prigogine
Roger Guillemin,https://en.wikipedia.org/wiki/Roger_Guillemin
Andrew Schally,https://en.wikipedia.org/wiki/Andrew_Schally
Rosalyn Sussman Yalow,https://en.wikipedia.org/wiki/Rosalyn_Sussman_Yalow
Vicente Aleixandre,https://en.wikipedia.org/wiki/Vicente_Aleixandre
Amnesty International,https://en.wikipedia.org/wiki/Amnesty_International
Bertil Ohlin,https://en.wikipedia.org/wiki/Bertil_Ohlin
James Meade,https://en.wikipedia.org/wiki/James_Meade
Pyotr Kapitsa,https://en.wikipedia.org/wiki/Pyotr_Kapitsa
Arno Allan Penzias,https://en.wikipedia.org/wiki/Arno_Allan_Penzias
Robert Woodrow Wilson,https://en.wikipedia.org/wiki/Robert_Woodrow_Wilson
Peter D. Mitchell,https://en.wikipedia.org/wiki/Peter_D._Mitchell
Werner Arber,https://en.wikipedia.org/wiki/Werner_Arber
Daniel Nathans,https://en.wikipedia.org/wiki/Daniel_Nathans
Hamilton O. Smith,https://en.wikipedia.org/wiki/Hamilton_O._Smith
Isaac Bashevis Singer,https://en.wikipedia.org/wiki/Isaac_Bashevis_Singer
Anwar Sadat,https://en.wikipedia.org/wiki/Anwar_Sadat
Menachem Begin,https://en.wikipedia.org/wiki/Menachem_Begin
Herbert A. Simon,https://en.wikipedia.org/wiki/Herbert_A._Simon
Sheldon Lee Glashow,https://en.wikipedia.org/wiki/Sheldon_Lee_Glashow
Abdus Salam,https://en.wikipedia.org/wiki/Abdus_Salam
Steven Weinberg,https://en.wikipedia.org/wiki/Steven_Weinberg
Herbert C. Brown,https://en.wikipedia.org/wiki/Herbert_C._Brown
Georg Wittig,https://en.wikipedia.org/wiki/Georg_Wittig
Allan McLeod Cormack,https://en.wikipedia.org/wiki/Allan_McLeod_Cormack
Godfrey Hounsfield,https://en.wikipedia.org/wiki/Godfrey_Hounsfield
Odysseas Elytis,https://en.wikipedia.org/wiki/Odysseas_Elytis
Mother Teresa,https://en.wikipedia.org/wiki/Mother_Teresa
Theodore Schultz,https://en.wikipedia.org/wiki/Theodore_Schultz
Arthur Lewis (economist),https://en.wikipedia.org/wiki/Arthur_Lewis_(economist)
James Cronin,https://en.wikipedia.org/wiki/James_Cronin
Val Logsdon Fitch,https://en.wikipedia.org/wiki/Val_Logsdon_Fitch
Paul Berg,https://en.wikipedia.org/wiki/Paul_Berg
Walter Gilbert,https://en.wikipedia.org/wiki/Walter_Gilbert
Baruj Benacerraf,https://en.wikipedia.org/wiki/Baruj_Benacerraf
Jean Dausset,https://en.wikipedia.org/wiki/Jean_Dausset
George Davis Snell,https://en.wikipedia.org/wiki/George_Davis_Snell
Czesław Miłosz,https://en.wikipedia.org/wiki/Czes%C5%82aw_Mi%C5%82osz
Adolfo Pérez Esquivel,https://en.wikipedia.org/wiki/Adolfo_P%C3%A9rez_Esquivel
Lawrence Klein,https://en.wikipedia.org/wiki/Lawrence_Klein
Nicolaas Bloembergen,https://en.wikipedia.org/wiki/Nicolaas_Bloembergen
Arthur Leonard Schawlow,https://en.wikipedia.org/wiki/Arthur_Leonard_Schawlow
Kai Siegbahn,https://en.wikipedia.org/wiki/Kai_Siegbahn
Kenichi Fukui,https://en.wikipedia.org/wiki/Kenichi_Fukui
Roald Hoffmann,https://en.wikipedia.org/wiki/Roald_Hoffmann
Roger Wolcott Sperry,https://en.wikipedia.org/wiki/Roger_Wolcott_Sperry
David H. Hubel,https://en.wikipedia.org/wiki/David_H._Hubel
Torsten Wiesel,https://en.wikipedia.org/wiki/Torsten_Wiesel
Elias Canetti,https://en.wikipedia.org/wiki/Elias_Canetti
James Tobin,https://en.wikipedia.org/wiki/James_Tobin
Kenneth G. Wilson,https://en.wikipedia.org/wiki/Kenneth_G._Wilson
Aaron Klug,https://en.wikipedia.org/wiki/Aaron_Klug
Sune Bergström,https://en.wikipedia.org/wiki/Sune_Bergstr%C3%B6m
Bengt I. Samuelsson,https://en.wikipedia.org/wiki/Bengt_I._Samuelsson
John Vane,https://en.wikipedia.org/wiki/John_Vane
Gabriel García Márquez,https://en.wikipedia.org/wiki/Gabriel_Garc%C3%ADa_M%C3%A1rquez
Alva Myrdal,https://en.wikipedia.org/wiki/Alva_Myrdal
Alfonso García Robles,https://en.wikipedia.org/wiki/Alfonso_Garc%C3%ADa_Robles
George Stigler,https://en.wikipedia.org/wiki/George_Stigler
Subrahmanyan Chandrasekhar,https://en.wikipedia.org/wiki/Subrahmanyan_Chandrasekhar
William Alfred Fowler,https://en.wikipedia.org/wiki/William_Alfred_Fowler
Henry Taube,https://en.wikipedia.org/wiki/Henry_Taube
Barbara McClintock,https://en.wikipedia.org/wiki/Barbara_McClintock
William Golding,https://en.wikipedia.org/wiki/William_Golding
Lech Wałęsa,https://en.wikipedia.org/wiki/Lech_Wa%C5%82%C4%99sa
Gérard Debreu,https://en.wikipedia.org/wiki/G%C3%A9rard_Debreu
Carlo Rubbia,https://en.wikipedia.org/wiki/Carlo_Rubbia
Simon van der Meer,https://en.wikipedia.org/wiki/Simon_van_der_Meer
Robert Bruce Merrifield,https://en.wikipedia.org/wiki/Robert_Bruce_Merrifield
Niels Kaj Jerne,https://en.wikipedia.org/wiki/Niels_Kaj_Jerne
Georges J. F. Köhler,https://en.wikipedia.org/wiki/Georges_J._F._K%C3%B6hler
César Milstein,https://en.wikipedia.org/wiki/C%C3%A9sar_Milstein
Jaroslav Seifert,https://en.wikipedia.org/wiki/Jaroslav_Seifert
Desmond Tutu,https://en.wikipedia.org/wiki/Desmond_Tutu
Richard Stone,https://en.wikipedia.org/wiki/Richard_Stone
Klaus von Klitzing,https://en.wikipedia.org/wiki/Klaus_von_Klitzing
Herbert A. Hauptman,https://en.wikipedia.org/wiki/Herbert_A._Hauptman
Jerome Karle,https://en.wikipedia.org/wiki/Jerome_Karle
Michael Stuart Brown,https://en.wikipedia.org/wiki/Michael_Stuart_Brown
Joseph L. Goldstein,https://en.wikipedia.org/wiki/Joseph_L._Goldstein
Claude Simon,https://en.wikipedia.org/wiki/Claude_Simon
International Physicians for the Prevention of Nuclear War,https://en.wikipedia.org/wiki/International_Physicians_for_the_Prevention_of_Nuclear_War
Franco Modigliani,https://en.wikipedia.org/wiki/Franco_Modigliani
Ernst Ruska,https://en.wikipedia.org/wiki/Ernst_Ruska
Gerd Binnig,https://en.wikipedia.org/wiki/Gerd_Binnig
Heinrich Rohrer,https://en.wikipedia.org/wiki/Heinrich_Rohrer
Dudley R. Herschbach,https://en.wikipedia.org/wiki/Dudley_R._Herschbach
Yuan T. Lee,https://en.wikipedia.org/wiki/Yuan_T._Lee
John Polanyi,https://en.wikipedia.org/wiki/John_Polanyi
Stanley Cohen (biochemist),https://en.wikipedia.org/wiki/Stanley_Cohen_(biochemist)
Rita Levi-Montalcini,https://en.wikipedia.org/wiki/Rita_Levi-Montalcini
Wole Soyinka,https://en.wikipedia.org/wiki/Wole_Soyinka
Elie Wiesel,https://en.wikipedia.org/wiki/Elie_Wiesel
James M. Buchanan,https://en.wikipedia.org/wiki/James_M._Buchanan
Johannes Georg Bednorz,https://en.wikipedia.org/wiki/Johannes_Georg_Bednorz
Karl Alexander Müller,https://en.wikipedia.org/wiki/Karl_Alexander_M%C3%BCller
Donald J. Cram,https://en.wikipedia.org/wiki/Donald_J._Cram
Jean-Marie Lehn,https://en.wikipedia.org/wiki/Jean-Marie_Lehn
Charles J. Pedersen,https://en.wikipedia.org/wiki/Charles_J._Pedersen
Susumu Tonegawa,https://en.wikipedia.org/wiki/Susumu_Tonegawa
Joseph Brodsky,https://en.wikipedia.org/wiki/Joseph_Brodsky
Óscar Arias,https://en.wikipedia.org/wiki/%C3%93scar_Arias
Robert Solow,https://en.wikipedia.org/wiki/Robert_Solow
Leon M. Lederman,https://en.wikipedia.org/wiki/Leon_M._Lederman
Melvin Schwartz,https://en.wikipedia.org/wiki/Melvin_Schwartz
Jack Steinberger,https://en.wikipedia.org/wiki/Jack_Steinberger
Johann Deisenhofer,https://en.wikipedia.org/wiki/Johann_Deisenhofer
Robert Huber,https://en.wikipedia.org/wiki/Robert_Huber
Hartmut Michel,https://en.wikipedia.org/wiki/Hartmut_Michel
James W. Black,https://en.wikipedia.org/wiki/James_W._Black
Gertrude B. Elion,https://en.wikipedia.org/wiki/Gertrude_B._Elion
George H. Hitchings,https://en.wikipedia.org/wiki/George_H._Hitchings
Naguib Mahfouz,https://en.wikipedia.org/wiki/Naguib_Mahfouz
United Nations peacekeeping,https://en.wikipedia.org/wiki/United_Nations_peacekeeping
Maurice Allais,https://en.wikipedia.org/wiki/Maurice_Allais
"Norman Foster Ramsey, Jr.","https://en.wikipedia.org/wiki/Norman_Foster_Ramsey,_Jr."
Hans Georg Dehmelt,https://en.wikipedia.org/wiki/Hans_Georg_Dehmelt
Wolfgang Paul,https://en.wikipedia.org/wiki/Wolfgang_Paul
Sidney Altman,https://en.wikipedia.org/wiki/Sidney_Altman
Thomas Cech,https://en.wikipedia.org/wiki/Thomas_Cech
J. Michael Bishop,https://en.wikipedia.org/wiki/J._Michael_Bishop
Harold E. Varmus,https://en.wikipedia.org/wiki/Harold_E._Varmus
Camilo José Cela,https://en.wikipedia.org/wiki/Camilo_Jos%C3%A9_Cela
14th Dalai Lama,https://en.wikipedia.org/wiki/14th_Dalai_Lama
Trygve Haavelmo,https://en.wikipedia.org/wiki/Trygve_Haavelmo
Jerome Isaac Friedman,https://en.wikipedia.org/wiki/Jerome_Isaac_Friedman
Henry Way Kendall,https://en.wikipedia.org/wiki/Henry_Way_Kendall
Richard E. Taylor,https://en.wikipedia.org/wiki/Richard_E._Taylor
Elias James Corey,https://en.wikipedia.org/wiki/Elias_James_Corey
Joseph Murray,https://en.wikipedia.org/wiki/Joseph_Murray
E. Donnall Thomas,https://en.wikipedia.org/wiki/E._Donnall_Thomas
Octavio Paz,https://en.wikipedia.org/wiki/Octavio_Paz
Mikhail Gorbachev,https://en.wikipedia.org/wiki/Mikhail_Gorbachev
Harry Markowitz,https://en.wikipedia.org/wiki/Harry_Markowitz
Merton Miller,https://en.wikipedia.org/wiki/Merton_Miller
William F. Sharpe,https://en.wikipedia.org/wiki/William_F._Sharpe
Pierre-Gilles de Gennes,https://en.wikipedia.org/wiki/Pierre-Gilles_de_Gennes
Richard R. Ernst,https://en.wikipedia.org/wiki/Richard_R._Ernst
Erwin Neher,https://en.wikipedia.org/wiki/Erwin_Neher
Bert Sakmann,https://en.wikipedia.org/wiki/Bert_Sakmann
Nadine Gordimer,https://en.wikipedia.org/wiki/Nadine_Gordimer
Aung San Suu Kyi,https://en.wikipedia.org/wiki/Aung_San_Suu_Kyi
Ronald Coase,https://en.wikipedia.org/wiki/Ronald_Coase
Georges Charpak,https://en.wikipedia.org/wiki/Georges_Charpak
Rudolph A. Marcus,https://en.wikipedia.org/wiki/Rudolph_A._Marcus
Edmond H. Fischer,https://en.wikipedia.org/wiki/Edmond_H._Fischer
Edwin G. Krebs,https://en.wikipedia.org/wiki/Edwin_G._Krebs
Derek Walcott,https://en.wikipedia.org/wiki/Derek_Walcott
Rigoberta Menchú,https://en.wikipedia.org/wiki/Rigoberta_Mench%C3%BA
Gary Becker,https://en.wikipedia.org/wiki/Gary_Becker
Russell Alan Hulse,https://en.wikipedia.org/wiki/Russell_Alan_Hulse
"Joseph Hooton Taylor, Jr.","https://en.wikipedia.org/wiki/Joseph_Hooton_Taylor,_Jr."
Kary Mullis,https://en.wikipedia.org/wiki/Kary_Mullis
Michael Smith (chemist),https://en.wikipedia.org/wiki/Michael_Smith_(chemist)
Richard J. Roberts,https://en.wikipedia.org/wiki/Richard_J._Roberts
Phillip Allen Sharp,https://en.wikipedia.org/wiki/Phillip_Allen_Sharp
Toni Morrison,https://en.wikipedia.org/wiki/Toni_Morrison
Nelson Mandela,https://en.wikipedia.org/wiki/Nelson_Mandela
F. W. de Klerk,https://en.wikipedia.org/wiki/F._W._de_Klerk
Robert Fogel,https://en.wikipedia.org/wiki/Robert_Fogel
Douglass North,https://en.wikipedia.org/wiki/Douglass_North
Bertram Brockhouse,https://en.wikipedia.org/wiki/Bertram_Brockhouse
Clifford Shull,https://en.wikipedia.org/wiki/Clifford_Shull
George Andrew Olah,https://en.wikipedia.org/wiki/George_Andrew_Olah
Alfred G. Gilman,https://en.wikipedia.org/wiki/Alfred_G._Gilman
Martin Rodbell,https://en.wikipedia.org/wiki/Martin_Rodbell
Kenzaburō Ōe,https://en.wikipedia.org/wiki/Kenzabur%C5%8D_%C5%8Ce
Yasser Arafat,https://en.wikipedia.org/wiki/Yasser_Arafat
Shimon Peres,https://en.wikipedia.org/wiki/Shimon_Peres
Yitzhak Rabin,https://en.wikipedia.org/wiki/Yitzhak_Rabin
John Harsanyi,https://en.wikipedia.org/wiki/John_Harsanyi
"John Forbes Nash, Jr.","https://en.wikipedia.org/wiki/John_Forbes_Nash,_Jr."
Reinhard Selten,https://en.wikipedia.org/wiki/Reinhard_Selten
Martin Lewis Perl,https://en.wikipedia.org/wiki/Martin_Lewis_Perl
Frederick Reines,https://en.wikipedia.org/wiki/Frederick_Reines
Paul J. Crutzen,https://en.wikipedia.org/wiki/Paul_J._Crutzen
Mario J. Molina,https://en.wikipedia.org/wiki/Mario_J._Molina
Frank Sherwood Rowland,https://en.wikipedia.org/wiki/Frank_Sherwood_Rowland
Edward B. Lewis,https://en.wikipedia.org/wiki/Edward_B._Lewis
Christiane Nüsslein-Volhard,https://en.wikipedia.org/wiki/Christiane_N%C3%BCsslein-Volhard
Eric F. Wieschaus,https://en.wikipedia.org/wiki/Eric_F._Wieschaus
Seamus Heaney,https://en.wikipedia.org/wiki/Seamus_Heaney
Joseph Rotblat,https://en.wikipedia.org/wiki/Joseph_Rotblat
"Robert Lucas, Jr.","https://en.wikipedia.org/wiki/Robert_Lucas,_Jr."
David Lee (physicist),https://en.wikipedia.org/wiki/David_Lee_(physicist)
Douglas Osheroff,https://en.wikipedia.org/wiki/Douglas_Osheroff
Robert Coleman Richardson,https://en.wikipedia.org/wiki/Robert_Coleman_Richardson
Robert Curl,https://en.wikipedia.org/wiki/Robert_Curl
Harry Kroto,https://en.wikipedia.org/wiki/Harry_Kroto
Richard Smalley,https://en.wikipedia.org/wiki/Richard_Smalley
Peter C. Doherty,https://en.wikipedia.org/wiki/Peter_C._Doherty
Rolf M. Zinkernagel,https://en.wikipedia.org/wiki/Rolf_M._Zinkernagel
Wisława Szymborska,https://en.wikipedia.org/wiki/Wis%C5%82awa_Szymborska
Carlos Filipe Ximenes Belo,https://en.wikipedia.org/wiki/Carlos_Filipe_Ximenes_Belo
José Ramos-Horta,https://en.wikipedia.org/wiki/Jos%C3%A9_Ramos-Horta
James Mirrlees,https://en.wikipedia.org/wiki/James_Mirrlees
William Vickrey,https://en.wikipedia.org/wiki/William_Vickrey
Steven Chu,https://en.wikipedia.org/wiki/Steven_Chu
Claude Cohen-Tannoudji,https://en.wikipedia.org/wiki/Claude_Cohen-Tannoudji
William Daniel Phillips,https://en.wikipedia.org/wiki/William_Daniel_Phillips
Paul D. Boyer,https://en.wikipedia.org/wiki/Paul_D._Boyer
John E. Walker,https://en.wikipedia.org/wiki/John_E._Walker
Jens Christian Skou,https://en.wikipedia.org/wiki/Jens_Christian_Skou
Stanley B. Prusiner,https://en.wikipedia.org/wiki/Stanley_B._Prusiner
Dario Fo,https://en.wikipedia.org/wiki/Dario_Fo
International Campaign to Ban Landmines,https://en.wikipedia.org/wiki/International_Campaign_to_Ban_Landmines
Jody Williams,https://en.wikipedia.org/wiki/Jody_Williams
Robert C. Merton,https://en.wikipedia.org/wiki/Robert_C._Merton
Myron Scholes,https://en.wikipedia.org/wiki/Myron_Scholes
Robert B. Laughlin,https://en.wikipedia.org/wiki/Robert_B._Laughlin
Horst Ludwig Störmer,https://en.wikipedia.org/wiki/Horst_Ludwig_St%C3%B6rmer
Daniel C. Tsui,https://en.wikipedia.org/wiki/Daniel_C._Tsui
Walter Kohn,https://en.wikipedia.org/wiki/Walter_Kohn
John Pople,https://en.wikipedia.org/wiki/John_Pople
Robert F. Furchgott,https://en.wikipedia.org/wiki/Robert_F._Furchgott
Louis Ignarro,https://en.wikipedia.org/wiki/Louis_Ignarro
Ferid Murad,https://en.wikipedia.org/wiki/Ferid_Murad
José Saramago,https://en.wikipedia.org/wiki/Jos%C3%A9_Saramago
John Hume,https://en.wikipedia.org/wiki/John_Hume
David Trimble,https://en.wikipedia.org/wiki/David_Trimble
Amartya Sen,https://en.wikipedia.org/wiki/Amartya_Sen
Gerard 't Hooft,https://en.wikipedia.org/wiki/Gerard_%27t_Hooft
Martinus J. G. Veltman,https://en.wikipedia.org/wiki/Martinus_J._G._Veltman
Ahmed Zewail,https://en.wikipedia.org/wiki/Ahmed_Zewail
Günter Blobel,https://en.wikipedia.org/wiki/G%C3%BCnter_Blobel
Günter Grass,https://en.wikipedia.org/wiki/G%C3%BCnter_Grass
Médecins Sans Frontières,https://en.wikipedia.org/wiki/M%C3%A9decins_Sans_Fronti%C3%A8res
Robert Mundell,https://en.wikipedia.org/wiki/Robert_Mundell
Zhores Alferov,https://en.wikipedia.org/wiki/Zhores_Alferov
Herbert Kroemer,https://en.wikipedia.org/wiki/Herbert_Kroemer
Jack Kilby,https://en.wikipedia.org/wiki/Jack_Kilby
Alan J. Heeger,https://en.wikipedia.org/wiki/Alan_J._Heeger
Alan MacDiarmid,https://en.wikipedia.org/wiki/Alan_MacDiarmid
Hideki Shirakawa,https://en.wikipedia.org/wiki/Hideki_Shirakawa
Arvid Carlsson,https://en.wikipedia.org/wiki/Arvid_Carlsson
Paul Greengard,https://en.wikipedia.org/wiki/Paul_Greengard
Eric Kandel,https://en.wikipedia.org/wiki/Eric_Kandel
Gao Xingjian,https://en.wikipedia.org/wiki/Gao_Xingjian
Kim Dae-jung,https://en.wikipedia.org/wiki/Kim_Dae-jung
James Heckman,https://en.wikipedia.org/wiki/James_Heckman
Daniel McFadden,https://en.wikipedia.org/wiki/Daniel_McFadden
Eric Allin Cornell,https://en.wikipedia.org/wiki/Eric_Allin_Cornell
Wolfgang Ketterle,https://en.wikipedia.org/wiki/Wolfgang_Ketterle
Carl Wieman,https://en.wikipedia.org/wiki/Carl_Wieman
William Standish Knowles,https://en.wikipedia.org/wiki/William_Standish_Knowles
Ryōji Noyori,https://en.wikipedia.org/wiki/Ry%C5%8Dji_Noyori
Karl Barry Sharpless,https://en.wikipedia.org/wiki/Karl_Barry_Sharpless
Leland H. Hartwell,https://en.wikipedia.org/wiki/Leland_H._Hartwell
Tim Hunt,https://en.wikipedia.org/wiki/Tim_Hunt
Paul Nurse,https://en.wikipedia.org/wiki/Paul_Nurse
V. S. Naipaul,https://en.wikipedia.org/wiki/V._S._Naipaul
United Nations,https://en.wikipedia.org/wiki/United_Nations
Kofi Annan,https://en.wikipedia.org/wiki/Kofi_Annan
George Akerlof,https://en.wikipedia.org/wiki/George_Akerlof
Michael Spence,https://en.wikipedia.org/wiki/Michael_Spence
Joseph Stiglitz,https://en.wikipedia.org/wiki/Joseph_Stiglitz
"Raymond Davis, Jr.","https://en.wikipedia.org/wiki/Raymond_Davis,_Jr."
Masatoshi Koshiba,https://en.wikipedia.org/wiki/Masatoshi_Koshiba
Riccardo Giacconi,https://en.wikipedia.org/wiki/Riccardo_Giacconi
John Fenn (chemist),https://en.wikipedia.org/wiki/John_Fenn_(chemist)
Koichi Tanaka,https://en.wikipedia.org/wiki/Koichi_Tanaka
Kurt Wüthrich,https://en.wikipedia.org/wiki/Kurt_W%C3%BCthrich
Sydney Brenner,https://en.wikipedia.org/wiki/Sydney_Brenner
H. Robert Horvitz,https://en.wikipedia.org/wiki/H._Robert_Horvitz
John Sulston,https://en.wikipedia.org/wiki/John_Sulston
Imre Kertész,https://en.wikipedia.org/wiki/Imre_Kert%C3%A9sz
Jimmy Carter,https://en.wikipedia.org/wiki/Jimmy_Carter
Daniel Kahneman,https://en.wikipedia.org/wiki/Daniel_Kahneman
Vernon L. Smith,https://en.wikipedia.org/wiki/Vernon_L._Smith
Alexei Alexeyevich Abrikosov,https://en.wikipedia.org/wiki/Alexei_Alexeyevich_Abrikosov
Vitaly Ginzburg,https://en.wikipedia.org/wiki/Vitaly_Ginzburg
Anthony James Leggett,https://en.wikipedia.org/wiki/Anthony_James_Leggett
Peter Agre,https://en.wikipedia.org/wiki/Peter_Agre
Roderick MacKinnon,https://en.wikipedia.org/wiki/Roderick_MacKinnon
Paul Lauterbur,https://en.wikipedia.org/wiki/Paul_Lauterbur
Peter Mansfield,https://en.wikipedia.org/wiki/Peter_Mansfield
J. M. Coetzee,https://en.wikipedia.org/wiki/J._M._Coetzee
Shirin Ebadi,https://en.wikipedia.org/wiki/Shirin_Ebadi
Robert F. Engle,https://en.wikipedia.org/wiki/Robert_F._Engle
Clive Granger,https://en.wikipedia.org/wiki/Clive_Granger
David Gross,https://en.wikipedia.org/wiki/David_Gross
Hugh David Politzer,https://en.wikipedia.org/wiki/Hugh_David_Politzer
Frank Wilczek,https://en.wikipedia.org/wiki/Frank_Wilczek
Aaron Ciechanover,https://en.wikipedia.org/wiki/Aaron_Ciechanover
Avram Hershko,https://en.wikipedia.org/wiki/Avram_Hershko
Irwin Rose,https://en.wikipedia.org/wiki/Irwin_Rose
Richard Axel,https://en.wikipedia.org/wiki/Richard_Axel
Linda B. Buck,https://en.wikipedia.org/wiki/Linda_B._Buck
Elfriede Jelinek,https://en.wikipedia.org/wiki/Elfriede_Jelinek
Wangari Maathai,https://en.wikipedia.org/wiki/Wangari_Maathai
Finn E. Kydland,https://en.wikipedia.org/wiki/Finn_E._Kydland
Edward C. Prescott,https://en.wikipedia.org/wiki/Edward_C._Prescott
Roy J. Glauber,https://en.wikipedia.org/wiki/Roy_J._Glauber
John L. Hall,https://en.wikipedia.org/wiki/John_L._Hall
Theodor W. Hänsch,https://en.wikipedia.org/wiki/Theodor_W._H%C3%A4nsch
Yves Chauvin,https://en.wikipedia.org/wiki/Yves_Chauvin
Robert H. Grubbs,https://en.wikipedia.org/wiki/Robert_H._Grubbs
Richard R. Schrock,https://en.wikipedia.org/wiki/Richard_R._Schrock
Barry Marshall,https://en.wikipedia.org/wiki/Barry_Marshall
Robin Warren,https://en.wikipedia.org/wiki/Robin_Warren
Harold Pinter,https://en.wikipedia.org/wiki/Harold_Pinter
International Atomic Energy Agency,https://en.wikipedia.org/wiki/International_Atomic_Energy_Agency
Mohamed ElBaradei,https://en.wikipedia.org/wiki/Mohamed_ElBaradei
Robert Aumann,https://en.wikipedia.org/wiki/Robert_Aumann
Thomas Schelling,https://en.wikipedia.org/wiki/Thomas_Schelling
John C. Mather,https://en.wikipedia.org/wiki/John_C._Mather
George Smoot,https://en.wikipedia.org/wiki/George_Smoot
Roger D. Kornberg,https://en.wikipedia.org/wiki/Roger_D._Kornberg
Andrew Fire,https://en.wikipedia.org/wiki/Andrew_Fire
Craig Mello,https://en.wikipedia.org/wiki/Craig_Mello
Orhan Pamuk,https://en.wikipedia.org/wiki/Orhan_Pamuk
Muhammad Yunus,https://en.wikipedia.org/wiki/Muhammad_Yunus
Grameen Bank,https://en.wikipedia.org/wiki/Grameen_Bank
Edmund Phelps,https://en.wikipedia.org/wiki/Edmund_Phelps
Albert Fert,https://en.wikipedia.org/wiki/Albert_Fert
Peter Grünberg,https://en.wikipedia.org/wiki/Peter_Gr%C3%BCnberg
Gerhard Ertl,https://en.wikipedia.org/wiki/Gerhard_Ertl
Mario Capecchi,https://en.wikipedia.org/wiki/Mario_Capecchi
Martin Evans,https://en.wikipedia.org/wiki/Martin_Evans
Oliver Smithies,https://en.wikipedia.org/wiki/Oliver_Smithies
Doris Lessing,https://en.wikipedia.org/wiki/Doris_Lessing
Intergovernmental Panel on Climate Change,https://en.wikipedia.org/wiki/Intergovernmental_Panel_on_Climate_Change
Al Gore,https://en.wikipedia.org/wiki/Al_Gore
Leonid Hurwicz,https://en.wikipedia.org/wiki/Leonid_Hurwicz
Eric Maskin,https://en.wikipedia.org/wiki/Eric_Maskin
Roger Myerson,https://en.wikipedia.org/wiki/Roger_Myerson
Yoichiro Nambu,https://en.wikipedia.org/wiki/Yoichiro_Nambu
Makoto Kobayashi (physicist),https://en.wikipedia.org/wiki/Makoto_Kobayashi_(physicist)
Toshihide Maskawa,https://en.wikipedia.org/wiki/Toshihide_Maskawa
Osamu Shimomura,https://en.wikipedia.org/wiki/Osamu_Shimomura
Martin Chalfie,https://en.wikipedia.org/wiki/Martin_Chalfie
Roger Y. Tsien,https://en.wikipedia.org/wiki/Roger_Y._Tsien
Harald zur Hausen,https://en.wikipedia.org/wiki/Harald_zur_Hausen
Françoise Barré-Sinoussi,https://en.wikipedia.org/wiki/Fran%C3%A7oise_Barr%C3%A9-Sinoussi
Luc Montagnier,https://en.wikipedia.org/wiki/Luc_Montagnier
J. M. G. Le Clézio,https://en.wikipedia.org/wiki/J._M._G._Le_Cl%C3%A9zio
Martti Ahtisaari,https://en.wikipedia.org/wiki/Martti_Ahtisaari
Paul Krugman,https://en.wikipedia.org/wiki/Paul_Krugman
Charles K. Kao,https://en.wikipedia.org/wiki/Charles_K._Kao
Willard Boyle,https://en.wikipedia.org/wiki/Willard_Boyle
George E. Smith,https://en.wikipedia.org/wiki/George_E._Smith
Venkatraman Ramakrishnan,https://en.wikipedia.org/wiki/Venkatraman_Ramakrishnan
Thomas A. Steitz,https://en.wikipedia.org/wiki/Thomas_A._Steitz
Ada Yonath,https://en.wikipedia.org/wiki/Ada_Yonath
Elizabeth Blackburn,https://en.wikipedia.org/wiki/Elizabeth_Blackburn
Carol W. Greider,https://en.wikipedia.org/wiki/Carol_W._Greider
Jack W. Szostak,https://en.wikipedia.org/wiki/Jack_W._Szostak
Herta Müller,https://en.wikipedia.org/wiki/Herta_M%C3%BCller
Barack Obama,https://en.wikipedia.org/wiki/Barack_Obama
Elinor Ostrom,https://en.wikipedia.org/wiki/Elinor_Ostrom
Oliver E. Williamson,https://en.wikipedia.org/wiki/Oliver_E._Williamson
Andre Geim,https://en.wikipedia.org/wiki/Andre_Geim
Konstantin Novoselov,https://en.wikipedia.org/wiki/Konstantin_Novoselov
Richard F. Heck,https://en.wikipedia.org/wiki/Richard_F._Heck
Ei-ichi Negishi,https://en.wikipedia.org/wiki/Ei-ichi_Negishi
Akira Suzuki (chemist),https://en.wikipedia.org/wiki/Akira_Suzuki_(chemist)
Robert G. Edwards,https://en.wikipedia.org/wiki/Robert_G._Edwards
Mario Vargas Llosa,https://en.wikipedia.org/wiki/Mario_Vargas_Llosa
Liu Xiaobo,https://en.wikipedia.org/wiki/Liu_Xiaobo
Peter Diamond,https://en.wikipedia.org/wiki/Peter_Diamond
Dale T. Mortensen,https://en.wikipedia.org/wiki/Dale_T._Mortensen
Christopher A. Pissarides,https://en.wikipedia.org/wiki/Christopher_A._Pissarides
Saul Perlmutter,https://en.wikipedia.org/wiki/Saul_Perlmutter
Adam Riess,https://en.wikipedia.org/wiki/Adam_Riess
Brian Schmidt,https://en.wikipedia.org/wiki/Brian_Schmidt
Dan Shechtman,https://en.wikipedia.org/wiki/Dan_Shechtman
Bruce Beutler,https://en.wikipedia.org/wiki/Bruce_Beutler
Jules A. Hoffmann,https://en.wikipedia.org/wiki/Jules_A._Hoffmann
Ralph M. Steinman,https://en.wikipedia.org/wiki/Ralph_M._Steinman
Tomas Tranströmer,https://en.wikipedia.org/wiki/Tomas_Transtr%C3%B6mer
Ellen Johnson Sirleaf,https://en.wikipedia.org/wiki/Ellen_Johnson_Sirleaf
Leymah Gbowee,https://en.wikipedia.org/wiki/Leymah_Gbowee
Tawakel Karman,https://en.wikipedia.org/wiki/Tawakel_Karman
Thomas J. Sargent,https://en.wikipedia.org/wiki/Thomas_J._Sargent
Christopher A. Sims,https://en.wikipedia.org/wiki/Christopher_A._Sims
Serge Haroche,https://en.wikipedia.org/wiki/Serge_Haroche
David J. Wineland,https://en.wikipedia.org/wiki/David_J._Wineland
Brian Kobilka,https://en.wikipedia.org/wiki/Brian_Kobilka
Robert Lefkowitz,https://en.wikipedia.org/wiki/Robert_Lefkowitz
John Gurdon,https://en.wikipedia.org/wiki/John_Gurdon
Shinya Yamanaka,https://en.wikipedia.org/wiki/Shinya_Yamanaka
Mo Yan,https://en.wikipedia.org/wiki/Mo_Yan
European Union,https://en.wikipedia.org/wiki/European_Union
Alvin E. Roth,https://en.wikipedia.org/wiki/Alvin_E._Roth
Lloyd Shapley,https://en.wikipedia.org/wiki/Lloyd_Shapley
François Englert,https://en.wikipedia.org/wiki/Fran%C3%A7ois_Englert
Peter Higgs,https://en.wikipedia.org/wiki/Peter_Higgs
Martin Karplus,https://en.wikipedia.org/wiki/Martin_Karplus
Michael Levitt,https://en.wikipedia.org/wiki/Michael_Levitt
Arieh Warshel,https://en.wikipedia.org/wiki/Arieh_Warshel
James Rothman,https://en.wikipedia.org/wiki/James_Rothman
Randy W. Schekman,https://en.wikipedia.org/wiki/Randy_W._Schekman
Thomas C. Südhof,https://en.wikipedia.org/wiki/Thomas_C._S%C3%BCdhof
Alice Munro,https://en.wikipedia.org/wiki/Alice_Munro
Organisation for the Prohibition of Chemical Weapons,https://en.wikipedia.org/wiki/Organisation_for_the_Prohibition_of_Chemical_Weapons
Eugene Fama,https://en.wikipedia.org/wiki/Eugene_Fama
Lars Peter Hansen,https://en.wikipedia.org/wiki/Lars_Peter_Hansen
Robert Shiller,https://en.wikipedia.org/wiki/Robert_Shiller
Isamu Akasaki,https://en.wikipedia.org/wiki/Isamu_Akasaki
Hiroshi Amano,https://en.wikipedia.org/wiki/Hiroshi_Amano
Shuji Nakamura,https://en.wikipedia.org/wiki/Shuji_Nakamura
Eric Betzig,https://en.wikipedia.org/wiki/Eric_Betzig
Stefan Hell,https://en.wikipedia.org/wiki/Stefan_Hell
William Moerner,https://en.wikipedia.org/wiki/William_Moerner
John O'Keefe (neuroscientist),https://en.wikipedia.org/wiki/John_O%27Keefe_(neuroscientist)
May-Britt Moser,https://en.wikipedia.org/wiki/May-Britt_Moser
Edvard Moser,https://en.wikipedia.org/wiki/Edvard_Moser
Patrick Modiano,https://en.wikipedia.org/wiki/Patrick_Modiano
Kailash Satyarthi,https://en.wikipedia.org/wiki/Kailash_Satyarthi
Malala Yousafzai,https://en.wikipedia.org/wiki/Malala_Yousafzai
Jean Tirole,https://en.wikipedia.org/wiki/Jean_Tirole
Takaaki Kajita,https://en.wikipedia.org/wiki/Takaaki_Kajita
Arthur B. McDonald,https://en.wikipedia.org/wiki/Arthur_B._McDonald
Tomas Lindahl,https://en.wikipedia.org/wiki/Tomas_Lindahl
Paul Modrich,https://en.wikipedia.org/wiki/Paul_Modrich
Aziz Sancar,https://en.wikipedia.org/wiki/Aziz_Sancar
William C. Campbell (scientist),https://en.wikipedia.org/wiki/William_C._Campbell_(scientist)
Satoshi Ōmura,https://en.wikipedia.org/wiki/Satoshi_%C5%8Cmura
Tu Youyou,https://en.wikipedia.org/wiki/Tu_Youyou
Svetlana Alexievich,https://en.wikipedia.org/wiki/Svetlana_Alexievich
Tunisian National Dialogue Quartet,https://en.wikipedia.org/wiki/Tunisian_National_Dialogue_Quartet
Angus Deaton,https://en.wikipedia.org/wiki/Angus_Deaton
David J. Thouless,https://en.wikipedia.org/wiki/David_J._Thouless
Duncan Haldane,https://en.wikipedia.org/wiki/Duncan_Haldane
John M. Kosterlitz,https://en.wikipedia.org/wiki/John_M._Kosterlitz
Jean-Pierre Sauvage,https://en.wikipedia.org/wiki/Jean-Pierre_Sauvage
Fraser Stoddart,https://en.wikipedia.org/wiki/Fraser_Stoddart
Ben Feringa,https://en.wikipedia.org/wiki/Ben_Feringa
Yoshinori Ohsumi,https://en.wikipedia.org/wiki/Yoshinori_Ohsumi
Bob Dylan,https://en.wikipedia.org/wiki/Bob_Dylan
Juan Manuel Santos,https://en.wikipedia.org/wiki/Juan_Manuel_Santos
Oliver Hart (economist),https://en.wikipedia.org/wiki/Oliver_Hart_(economist)
Bengt R. Holmström,https://en.wikipedia.org/wiki/Bengt_R._Holmstr%C3%B6m
Rainer Weiss,https://en.wikipedia.org/wiki/Rainer_Weiss
Barry Barish,https://en.wikipedia.org/wiki/Barry_Barish
Kip Thorne,https://en.wikipedia.org/wiki/Kip_Thorne
Jacques Dubochet,https://en.wikipedia.org/wiki/Jacques_Dubochet
Joachim Frank,https://en.wikipedia.org/wiki/Joachim_Frank
Richard Henderson (biologist),https://en.wikipedia.org/wiki/Richard_Henderson_(biologist)
Jeffrey C. Hall,https://en.wikipedia.org/wiki/Jeffrey_C._Hall
Michael Rosbash,https://en.wikipedia.org/wiki/Michael_Rosbash
Michael W. Young,https://en.wikipedia.org/wiki/Michael_W._Young
Kazuo Ishiguro,https://en.wikipedia.org/wiki/Kazuo_Ishiguro
International Campaign to Abolish Nuclear Weapons,https://en.wikipedia.org/wiki/International_Campaign_to_Abolish_Nuclear_Weapons
Richard Thaler,https://en.wikipedia.org/wiki/Richard_Thaler
Arthur Ashkin,https://en.wikipedia.org/wiki/Arthur_Ashkin
Gérard Mourou,https://en.wikipedia.org/wiki/G%C3%A9rard_Mourou
Donna Strickland,https://en.wikipedia.org/wiki/Donna_Strickland
Frances H. Arnold,https://en.wikipedia.org/wiki/Frances_H._Arnold
George P. Smith (chemist),https://en.wikipedia.org/wiki/George_P._Smith_(chemist)
Greg Winter,https://en.wikipedia.org/wiki/Greg_Winter
James P. Allison,https://en.wikipedia.org/wiki/James_P._Allison
Tasuku Honjo,https://en.wikipedia.org/wiki/Tasuku_Honjo
Olga Tokarczuk,https://en.wikipedia.org/wiki/Olga_Tokarczuk
Denis Mukwege,https://en.wikipedia.org/wiki/Denis_Mukwege
Nadia Murad,https://en.wikipedia.org/wiki/Nadia_Murad
William Nordhaus,https://en.wikipedia.org/wiki/William_Nordhaus
Paul Romer,https://en.wikipedia.org/wiki/Paul_Romer
Jim Peebles,https://en.wikipedia.org/wiki/Jim_Peebles
Michel Mayor,https://en.wikipedia.org/wiki/Michel_Mayor
Didier Queloz,https://en.wikipedia.org/wiki/Didier_Queloz
John B. Goodenough,https://en.wikipedia.org/wiki/John_B._Goodenough
M. Stanley Whittingham,https://en.wikipedia.org/wiki/M._Stanley_Whittingham
Akira Yoshino,https://en.wikipedia.org/wiki/Akira_Yoshino
William Kaelin Jr.,https://en.wikipedia.org/wiki/William_Kaelin_Jr.
Peter J. Ratcliffe,https://en.wikipedia.org/wiki/Peter_J._Ratcliffe
Gregg L. Semenza,https://en.wikipedia.org/wiki/Gregg_L._Semenza
Peter Handke,https://en.wikipedia.org/wiki/Peter_Handke
Abiy Ahmed,https://en.wikipedia.org/wiki/Abiy_Ahmed
Abhijit Banerjee,https://en.wikipedia.org/wiki/Abhijit_Banerjee
Esther Duflo,https://en.wikipedia.org/wiki/Esther_Duflo
Michael Kremer,https://en.wikipedia.org/wiki/Michael_Kremer
Roger Penrose,https://en.wikipedia.org/wiki/Roger_Penrose
Reinhard Genzel,https://en.wikipedia.org/wiki/Reinhard_Genzel
Andrea M. Ghez,https://en.wikipedia.org/wiki/Andrea_M._Ghez
Emmanuelle Charpentier,https://en.wikipedia.org/wiki/Emmanuelle_Charpentier
Jennifer Doudna,https://en.wikipedia.org/wiki/Jennifer_Doudna
Harvey J. Alter,https://en.wikipedia.org/wiki/Harvey_J._Alter
Michael Houghton (virologist),https://en.wikipedia.org/wiki/Michael_Houghton_(virologist)
Charles M. Rice,https://en.wikipedia.org/wiki/Charles_M._Rice
Louise Glück,https://en.wikipedia.org/wiki/Louise_Gl%C3%BCck
World Food Programme,https://en.wikipedia.org/wiki/World_Food_Programme
Paul Milgrom,https://en.wikipedia.org/wiki/Paul_Milgrom
Robert B. Wilson,https://en.wikipedia.org/wiki/Robert_B._Wilson
Syukuro Manabe,https://en.wikipedia.org/wiki/Syukuro_Manabe
Klaus Hasselmann,https://en.wikipedia.org/wiki/Klaus_Hasselmann
Giorgio Parisi,https://en.wikipedia.org/wiki/Giorgio_Parisi
Benjamin List,https://en.wikipedia.org/wiki/Benjamin_List
David MacMillan,https://en.wikipedia.org/wiki/David_MacMillan
David Julius,https://en.wikipedia.org/wiki/David_Julius
Ardem Patapoutian,https://en.wikipedia.org/wiki/Ardem_Patapoutian
Abdulrazak Gurnah,https://en.wikipedia.org/wiki/Abdulrazak_Gurnah
Maria Ressa,https://en.wikipedia.org/wiki/Maria_Ressa
Dmitry Muratov,https://en.wikipedia.org/wiki/Dmitry_Muratov
David Card,https://en.wikipedia.org/wiki/David_Card
Joshua Angrist,https://en.wikipedia.org/wiki/Joshua_Angrist
Guido Imbens,https://en.wikipedia.org/wiki/Guido_Imbens
